<?xml version="1.0" encoding="UTF-8" standalone="yes"?>
<ns2:ExportManifest xmlns:ns2="http://www.pentaho.com/schema/">
    <ExportManifestInformation exportDate="15-11-2017 11:47:16 BRST" exportBy="admin" rootFolder="/public/" manifestVersion="2"/>
    <ExportManifestEntity path="PROCIF">
        <ExportManifestProperty>
            <EntityMetaData name="PROCIF" createdDate="2017-10-30T20:23:06.780-02:00" isFolder="true" path="PROCIF" isHidden="false" locale="en_US" title="PROCIF"/>
        </ExportManifestProperty>
        <ExportManifestProperty>
            <EntityAcl>
                <entriesInheriting>true</entriesInheriting>
                <owner>admin</owner>
                <ownerType>USER</ownerType>
            </EntityAcl>
        </ExportManifestProperty>
    </ExportManifestEntity>
    <ExportManifestEntity path="PROCIF/Portal PROCIF.cda">
        <ExportManifestProperty>
            <EntityMetaData name="Portal PROCIF.cda" createdDate="2017-11-05T13:28:33.268-02:00" isFolder="false" path="PROCIF/Portal PROCIF.cda" isHidden="false" locale="en_US" title="Portal PROCIF"/>
        </ExportManifestProperty>
        <ExportManifestProperty>
            <EntityAcl>
                <entriesInheriting>true</entriesInheriting>
                <owner>admin</owner>
                <ownerType>USER</ownerType>
            </EntityAcl>
        </ExportManifestProperty>
    </ExportManifestEntity>
    <ExportManifestEntity path="PROCIF/Portal PROCIF.cdfde">
        <ExportManifestProperty>
            <EntityMetaData name="Portal PROCIF.cdfde" createdDate="2017-11-05T13:19:10.097-02:00" isFolder="false" path="PROCIF/Portal PROCIF.cdfde" isHidden="false" locale="en_US" title="Portal PROCIF"/>
        </ExportManifestProperty>
        <ExportManifestProperty>
            <EntityAcl>
                <entriesInheriting>true</entriesInheriting>
                <owner>admin</owner>
                <ownerType>USER</ownerType>
            </EntityAcl>
        </ExportManifestProperty>
    </ExportManifestEntity>
    <ExportManifestEntity path="PROCIF/Portal PROCIF.wcdf">
        <ExportManifestProperty>
            <EntityMetaData name="Portal PROCIF.wcdf" createdDate="2017-11-05T13:19:33.358-02:00" isFolder="false" path="PROCIF/Portal PROCIF.wcdf" isHidden="false" locale="en_US" title="Portal PROCIF"/>
        </ExportManifestProperty>
        <ExportManifestProperty>
            <EntityAcl>
                <entriesInheriting>true</entriesInheriting>
                <owner>admin</owner>
                <ownerType>USER</ownerType>
            </EntityAcl>
        </ExportManifestProperty>
    </ExportManifestEntity>
    <ExportManifestEntity path="PROCIF/Publicação por Colegiado.cda">
        <ExportManifestProperty>
            <EntityMetaData name="Publicação por Colegiado.cda" createdDate="2017-10-30T21:00:06.226-02:00" isFolder="false" path="PROCIF/Publicação por Colegiado.cda" isHidden="false" locale="en_US" title="Publicação por Colegiado.cda"/>
        </ExportManifestProperty>
        <ExportManifestProperty>
            <EntityAcl>
                <entriesInheriting>true</entriesInheriting>
                <owner>admin</owner>
                <ownerType>USER</ownerType>
            </EntityAcl>
        </ExportManifestProperty>
    </ExportManifestEntity>
    <ExportManifestEntity path="PROCIF/Publicação por Colegiado.cdfde">
        <ExportManifestProperty>
            <EntityMetaData name="Publicação por Colegiado.cdfde" createdDate="2017-10-30T21:00:05.653-02:00" isFolder="false" path="PROCIF/Publicação por Colegiado.cdfde" isHidden="false" locale="en_US" title="Publicação por Colegiado.cdfde"/>
        </ExportManifestProperty>
        <ExportManifestProperty>
            <EntityAcl>
                <entriesInheriting>true</entriesInheriting>
                <owner>admin</owner>
                <ownerType>USER</ownerType>
            </EntityAcl>
        </ExportManifestProperty>
    </ExportManifestEntity>
    <ExportManifestEntity path="PROCIF/Publicação por Colegiado.wcdf">
        <ExportManifestProperty>
            <EntityMetaData name="Publicação por Colegiado.wcdf" createdDate="2017-10-30T21:00:05.512-02:00" isFolder="false" path="PROCIF/Publicação por Colegiado.wcdf" isHidden="false" locale="en_US" description="Publicação por Colegiado" title="Publicação por Colegiado e ano"/>
        </ExportManifestProperty>
        <ExportManifestProperty>
            <EntityAcl>
                <entriesInheriting>true</entriesInheriting>
                <owner>admin</owner>
                <ownerType>USER</ownerType>
            </EntityAcl>
        </ExportManifestProperty>
    </ExportManifestEntity>
    <ExportManifestEntity path="PROCIF/ifpr_logo.png">
        <ExportManifestProperty>
            <EntityMetaData name="ifpr_logo.png" createdDate="2017-11-05T21:30:28.539-02:00" isFolder="false" path="PROCIF/ifpr_logo.png" isHidden="true" locale="en_US" title="ifpr_logo"/>
        </ExportManifestProperty>
        <ExportManifestProperty>
            <EntityAcl>
                <entriesInheriting>true</entriesInheriting>
                <owner>admin</owner>
                <ownerType>USER</ownerType>
            </EntityAcl>
        </ExportManifestProperty>
    </ExportManifestEntity>
    <ExportManifestEntity path="PROCIF/teste.png">
        <ExportManifestProperty>
            <EntityMetaData name="teste.png" createdDate="2017-11-05T21:52:57.740-02:00" isFolder="false" path="PROCIF/teste.png" isHidden="true" locale="en_US" title="teste"/>
        </ExportManifestProperty>
        <ExportManifestProperty>
            <EntityAcl>
                <entriesInheriting>true</entriesInheriting>
                <owner>admin</owner>
                <ownerType>USER</ownerType>
            </EntityAcl>
        </ExportManifestProperty>
    </ExportManifestEntity>
    <ExportManifestEntity path="PROCIF/testelayuot.cdfde">
        <ExportManifestProperty>
            <EntityMetaData name="testelayuot.cdfde" createdDate="2017-11-05T13:19:49.444-02:00" isFolder="false" path="PROCIF/testelayuot.cdfde" isHidden="false" locale="en_US" title="testelayuot"/>
        </ExportManifestProperty>
        <ExportManifestProperty>
            <EntityAcl>
                <entriesInheriting>true</entriesInheriting>
                <owner>admin</owner>
                <ownerType>USER</ownerType>
            </EntityAcl>
        </ExportManifestProperty>
    </ExportManifestEntity>
    <ExportManifestEntity path="PROCIF/testelayuot.wcdf">
        <ExportManifestProperty>
            <EntityMetaData name="testelayuot.wcdf" createdDate="2017-11-05T13:20:00.395-02:00" isFolder="false" path="PROCIF/testelayuot.wcdf" isHidden="false" locale="en_US" title="testelayuot"/>
        </ExportManifestProperty>
        <ExportManifestProperty>
            <EntityAcl>
                <entriesInheriting>true</entriesInheriting>
                <owner>admin</owner>
                <ownerType>USER</ownerType>
            </EntityAcl>
        </ExportManifestProperty>
    </ExportManifestEntity>
</ns2:ExportManifest>
